<?xml version="1.0" encoding="UTF-8" ?>
<!DOCTYPE NmLoader SYSTEM "standardX26.dtd">
<NmLoader>
  <csvWfProcessTemplateBegin handler="wt.workflow.definer.LoadWorkflow.createProcessTemplate">
    <csvxCoordinate>0</csvxCoordinate>
    <csvyCoordinate>0</csvyCoordinate>
    <csvrouterType>NONE</csvrouterType>
    <csvroutingEvents></csvroutingEvents>
    <csvautoRoutingExpression></csvautoRoutingExpression>
    <csvuniqueId>wt.workflow.definer.WfProcessTemplate:312178</csvuniqueId>
    <csvname>APPO_CISWF</csvname>
    <csvdescription></csvdescription>
    <csvcategory>DEFAULT</csvcategory>
    <csvinstructions></csvinstructions>
    <csviconName>wt/clients/images/workproc.gif</csviconName>
    <csvduration>0</csvduration>
    <csvprocessDuration>0</csvprocessDuration>
    <csvstartDelay>0</csvstartDelay>
    <csvstartProcessDelay>0</csvstartProcessDelay>
    <csvnotifyBeforeDeadline>false</csvnotifyBeforeDeadline>
    <csvtimeToDeadline>0</csvtimeToDeadline>
    <csvnotifyAfterDeadline>false</csvnotifyAfterDeadline>
    <csvtimePastDeadline>0</csvtimePastDeadline>
    <csvresponsibleRole></csvresponsibleRole>
    <csvenabled>true</csvenabled>
    <csvfolderLocation>/System</csvfolderLocation>
    <csvdedicatedQueue>false</csvdedicatedQueue>
  </csvWfProcessTemplateBegin>
  <csvWfVariable handler="wt.workflow.definer.LoadWorkflow.addVariable">
    <csvname>primaryBusinessObject</csvname>
    <csvtype>wt.fc.WTObject</csvtype>
    <csvrequired>false</csvrequired>
    <csvvisible>true</csvvisible>
    <csvmutable>true</csvmutable>
    <csvresetable>true</csvresetable>
    <csvinitializeFrom></csvinitializeFrom>
    <csvcopyInto></csvcopyInto>
    <csvdefaultValue></csvdefaultValue>
    <csvpermissionList>0</csvpermissionList>
    <csvreadOnly>false</csvreadOnly>
    <csvdisplayNames></csvdisplayNames>
  </csvWfVariable>
  <csvWfVariable handler="wt.workflow.definer.LoadWorkflow.addVariable">
    <csvname>cisErrorInfo</csvname>
    <csvtype>java.lang.String</csvtype>
    <csvrequired>false</csvrequired>
    <csvvisible>true</csvvisible>
    <csvmutable>true</csvmutable>
    <csvresetable>true</csvresetable>
    <csvinitializeFrom></csvinitializeFrom>
    <csvcopyInto></csvcopyInto>
    <csvdefaultValue></csvdefaultValue>
    <csvpermissionList>0</csvpermissionList>
    <csvreadOnly>false</csvreadOnly>
    <csvdisplayNames></csvdisplayNames>
  </csvWfVariable>
  <csvWfAssignedActivityTemplateBegin handler="wt.workflow.definer.LoadWorkflow.createAssignedActivityTemplate">
    <csvxCoordinate>435</csvxCoordinate>
    <csvyCoordinate>15</csvyCoordinate>
    <csvrouterType>MANUAL_EXCLUSIVE</csvrouterType>
    <csvroutingEvents>继续发布/停止发布/</csvroutingEvents>
    <csvautoRoutingExpression></csvautoRoutingExpression>
    <csvuniqueId>wt.workflow.definer.WfAssignedActivityTemplate:312180</csvuniqueId>
    <csvname>发布失败</csvname>
    <csvdescription>null</csvdescription>
    <csvcategory>DEFAULT</csvcategory>
    <csvinstructions>null</csvinstructions>
    <csviconName>wt/clients/images/assignactvty.gif</csviconName>
    <csvduration>0</csvduration>
    <csvprocessDuration>0</csvprocessDuration>
    <csvstartDelay>0</csvstartDelay>
    <csvstartProcessDelay>0</csvstartProcessDelay>
    <csvnotifyBeforeDeadline>false</csvnotifyBeforeDeadline>
    <csvtimeToDeadline>0</csvtimeToDeadline>
    <csvnotifyAfterDeadline>false</csvnotifyAfterDeadline>
    <csvtimePastDeadline>0</csvtimePastDeadline>
    <csvresponsibleRole></csvresponsibleRole>
    <csvtask>WfTask</csvtask>
    <csvsendNotification>false</csvsendNotification>
    <csvlocalProject></csvlocalProject>
    <csvvariableProject>null</csvvariableProject>
    <csvsigningRequired>false</csvsigningRequired>
  </csvWfAssignedActivityTemplateBegin>
  <csvWfVariable handler="wt.workflow.definer.LoadWorkflow.addVariable">
    <csvname>primaryBusinessObject</csvname>
    <csvtype>wt.fc.WTObject</csvtype>
    <csvrequired>false</csvrequired>
    <csvvisible>true</csvvisible>
    <csvmutable>true</csvmutable>
    <csvresetable>true</csvresetable>
    <csvinitializeFrom>primaryBusinessObject</csvinitializeFrom>
    <csvcopyInto>primaryBusinessObject</csvcopyInto>
    <csvdefaultValue></csvdefaultValue>
    <csvpermissionList>0</csvpermissionList>
    <csvreadOnly>false</csvreadOnly>
    <csvdisplayNames></csvdisplayNames>
  </csvWfVariable>
  <csvWfVariable handler="wt.workflow.definer.LoadWorkflow.addVariable">
    <csvname>cisErrorInfo</csvname>
    <csvtype>java.lang.String</csvtype>
    <csvrequired>false</csvrequired>
    <csvvisible>true</csvvisible>
    <csvmutable>true</csvmutable>
    <csvresetable>true</csvresetable>
    <csvinitializeFrom>cisErrorInfo</csvinitializeFrom>
    <csvcopyInto>cisErrorInfo</csvcopyInto>
    <csvdefaultValue></csvdefaultValue>
    <csvpermissionList>0</csvpermissionList>
    <csvreadOnly>false</csvreadOnly>
    <csvdisplayNames></csvdisplayNames>
  </csvWfVariable>
  <csvWfActorAssignee handler="wt.workflow.definer.LoadWorkflow.addActorAssignee">
    <csvactor>CREATOR</csvactor>
    <csvrequired>false</csvrequired>
    <csvcompletionPolicyType>ANY</csvcompletionPolicyType>
    <csvcompletionPolicyValue>0</csvcompletionPolicyValue>
  </csvWfActorAssignee>
  <csvWfAuditAction handler="wt.workflow.definer.LoadWorkflow.addAuditAction">
    <csvauditAction>ACTIVITY_ASSIGNMENT_CHANGED</csvauditAction>
    <csvauditActionFlag>true</csvauditActionFlag>
  </csvWfAuditAction>
  <csvWfAuditAction handler="wt.workflow.definer.LoadWorkflow.addAuditAction">
    <csvauditAction>EXECUTION_ERROR</csvauditAction>
    <csvauditActionFlag>true</csvauditActionFlag>
  </csvWfAuditAction>
  <csvWfVotingAction handler="wt.workflow.definer.LoadWorkflow.addVotingAction">
    <csvvotingAction>RECORD_VOTING</csvvotingAction>
    <csvvotingActionFlag>true</csvvotingActionFlag>
  </csvWfVotingAction>
  <csvWfIgnoreUnresolvedRoleAction handler="wt.workflow.definer.LoadWorkflow.addIgnoreUnresolvedRoleAction">
    <csvignoreUnresolvedRoleAction>IGNOREUNRESOLVED_ROLE</csvignoreUnresolvedRoleAction>
    <csvignoreUnresolvedRoleActionFlag>true</csvignoreUnresolvedRoleActionFlag>
  </csvWfIgnoreUnresolvedRoleAction>
  <csvRenderChoice handler="wt.workflow.definer.LoadWorkflow.renderTemplate"><csvrender>HTML</csvrender></csvRenderChoice>
  <csvTaskFormTemplate handler="wt.workflow.definer.LoadWorkflow.saveTaskFormTemplate"><csvTemplateName>default</csvTemplateName></csvTaskFormTemplate>
  <csvWfAssignedActivityTemplateEnd handler="wt.workflow.definer.LoadWorkflow.saveAssignedActivityTemplate"></csvWfAssignedActivityTemplateEnd>
  <csvWfConnectorTemplate handler="wt.workflow.definer.LoadWorkflow.createConnectorTemplate">
    <csvxCoordinate>196</csvxCoordinate>
    <csvyCoordinate>148</csvyCoordinate>
    <csvrouterType>CONDITIONAL</csvrouterType>
    <csvroutingEvents>F/S/</csvroutingEvents>
    <csvautoRoutingExpression>String error = new ext.appo.change.workflow.ECAWorkflowUtil().publishAllData(primaryBusinessObject# self);@if (error.length() &gt; 0) {@    result = &quot;F&quot;;@    cisErrorInfo = error;@} else {@    result = &quot;S&quot;;@}</csvautoRoutingExpression>
    <csvuniqueId>wt.workflow.definer.WfConnectorTemplate:312183</csvuniqueId>
    <csvfunction>OR</csvfunction>
    <csvtype>DEFAULT</csvtype>
    <csvthreshold>0</csvthreshold>
    <csvterminateActivities>false</csvterminateActivities>
  </csvWfConnectorTemplate>
  <csvWfConnectorTemplate handler="wt.workflow.definer.LoadWorkflow.createConnectorTemplate">
    <csvxCoordinate>196</csvxCoordinate>
    <csvyCoordinate>16</csvyCoordinate>
    <csvrouterType>NONE</csvrouterType>
    <csvroutingEvents></csvroutingEvents>
    <csvautoRoutingExpression></csvautoRoutingExpression>
    <csvuniqueId>wt.workflow.definer.WfConnectorTemplate:312185</csvuniqueId>
    <csvfunction>OR</csvfunction>
    <csvtype>DEFAULT</csvtype>
    <csvthreshold>0</csvthreshold>
    <csvterminateActivities>true</csvterminateActivities>
  </csvWfConnectorTemplate>
  <csvWfConnectorTemplate handler="wt.workflow.definer.LoadWorkflow.createConnectorTemplate">
    <csvxCoordinate>434</csvxCoordinate>
    <csvyCoordinate>148</csvyCoordinate>
    <csvrouterType>NONE</csvrouterType>
    <csvroutingEvents></csvroutingEvents>
    <csvautoRoutingExpression></csvautoRoutingExpression>
    <csvuniqueId>wt.workflow.definer.WfConnectorTemplate:312182</csvuniqueId>
    <csvfunction>OR</csvfunction>
    <csvtype>DEFAULT</csvtype>
    <csvthreshold>0</csvthreshold>
    <csvterminateActivities>true</csvterminateActivities>
  </csvWfConnectorTemplate>
  <csvWfConnectorTemplate handler="wt.workflow.definer.LoadWorkflow.createConnectorTemplate">
    <csvxCoordinate>520</csvxCoordinate>
    <csvyCoordinate>149</csvyCoordinate>
    <csvrouterType>NONE</csvrouterType>
    <csvroutingEvents></csvroutingEvents>
    <csvautoRoutingExpression></csvautoRoutingExpression>
    <csvuniqueId>wt.workflow.definer.WfConnectorTemplate:312186</csvuniqueId>
    <csvfunction>AND</csvfunction>
    <csvtype>END</csvtype>
    <csvthreshold>0</csvthreshold>
    <csvterminateActivities>false</csvterminateActivities>
  </csvWfConnectorTemplate>
  <csvWfConnectorTemplate handler="wt.workflow.definer.LoadWorkflow.createConnectorTemplate">
    <csvxCoordinate>40</csvxCoordinate>
    <csvyCoordinate>147</csvyCoordinate>
    <csvrouterType>NONE</csvrouterType>
    <csvroutingEvents></csvroutingEvents>
    <csvautoRoutingExpression></csvautoRoutingExpression>
    <csvuniqueId>wt.workflow.definer.WfConnectorTemplate:312187</csvuniqueId>
    <csvfunction>OR</csvfunction>
    <csvtype>START</csvtype>
    <csvthreshold>0</csvthreshold>
    <csvterminateActivities>false</csvterminateActivities>
  </csvWfConnectorTemplate>
  <csvWfNodeTemplateLinkBegin handler="wt.workflow.definer.LoadWorkflow.createNodeTemplateLink">
    <csvsourceNode>wt.workflow.definer.WfConnectorTemplate:312183</csvsourceNode>
    <csvdestNode>wt.workflow.definer.WfAssignedActivityTemplate:312180</csvdestNode>
    <csvbackLoop>false</csvbackLoop>
  </csvWfNodeTemplateLinkBegin>
  <csvWfEventActionPair handler="wt.workflow.definer.LoadWorkflow.addEventActionPair">
    <csvevent>F</csvevent>
    <csvaction>START</csvaction>
  </csvWfEventActionPair>
  <csvWfNodeTemplateLinkEnd handler="wt.workflow.definer.LoadWorkflow.saveNodeTemplateLink"></csvWfNodeTemplateLinkEnd>
  <csvWfNodeTemplateLinkBegin handler="wt.workflow.definer.LoadWorkflow.createNodeTemplateLink">
    <csvsourceNode>wt.workflow.definer.WfConnectorTemplate:312185</csvsourceNode>
    <csvdestNode>wt.workflow.definer.WfConnectorTemplate:312183</csvdestNode>
    <csvbackLoop>false</csvbackLoop>
  </csvWfNodeTemplateLinkBegin>
  <csvWfEventActionPair handler="wt.workflow.definer.LoadWorkflow.addEventActionPair">
    <csvevent>FIRE</csvevent>
    <csvaction>FIRE</csvaction>
  </csvWfEventActionPair>
  <csvWfNodeTemplateLinkEnd handler="wt.workflow.definer.LoadWorkflow.saveNodeTemplateLink"></csvWfNodeTemplateLinkEnd>
  <csvWfNodeTemplateLinkBegin handler="wt.workflow.definer.LoadWorkflow.createNodeTemplateLink">
    <csvsourceNode>wt.workflow.definer.WfConnectorTemplate:312183</csvsourceNode>
    <csvdestNode>wt.workflow.definer.WfConnectorTemplate:312182</csvdestNode>
    <csvbackLoop>false</csvbackLoop>
  </csvWfNodeTemplateLinkBegin>
  <csvWfEventActionPair handler="wt.workflow.definer.LoadWorkflow.addEventActionPair">
    <csvevent>S</csvevent>
    <csvaction>FIRE</csvaction>
  </csvWfEventActionPair>
  <csvWfNodeTemplateLinkEnd handler="wt.workflow.definer.LoadWorkflow.saveNodeTemplateLink"></csvWfNodeTemplateLinkEnd>
  <csvWfNodeTemplateLinkBegin handler="wt.workflow.definer.LoadWorkflow.createNodeTemplateLink">
    <csvsourceNode>wt.workflow.definer.WfAssignedActivityTemplate:312180</csvsourceNode>
    <csvdestNode>wt.workflow.definer.WfConnectorTemplate:312182</csvdestNode>
    <csvbackLoop>false</csvbackLoop>
  </csvWfNodeTemplateLinkBegin>
  <csvWfEventActionPair handler="wt.workflow.definer.LoadWorkflow.addEventActionPair">
    <csvevent>停止发布</csvevent>
    <csvaction>FIRE</csvaction>
  </csvWfEventActionPair>
  <csvWfNodeTemplateLinkEnd handler="wt.workflow.definer.LoadWorkflow.saveNodeTemplateLink"></csvWfNodeTemplateLinkEnd>
  <csvWfNodeTemplateLinkBegin handler="wt.workflow.definer.LoadWorkflow.createNodeTemplateLink">
    <csvsourceNode>wt.workflow.definer.WfConnectorTemplate:312182</csvsourceNode>
    <csvdestNode>wt.workflow.definer.WfConnectorTemplate:312186</csvdestNode>
    <csvbackLoop>false</csvbackLoop>
  </csvWfNodeTemplateLinkBegin>
  <csvWfEventActionPair handler="wt.workflow.definer.LoadWorkflow.addEventActionPair">
    <csvevent>FIRE</csvevent>
    <csvaction>FIRE</csvaction>
  </csvWfEventActionPair>
  <csvWfNodeTemplateLinkEnd handler="wt.workflow.definer.LoadWorkflow.saveNodeTemplateLink"></csvWfNodeTemplateLinkEnd>
  <csvWfNodeTemplateLinkBegin handler="wt.workflow.definer.LoadWorkflow.createNodeTemplateLink">
    <csvsourceNode>wt.workflow.definer.WfAssignedActivityTemplate:312180</csvsourceNode>
    <csvdestNode>wt.workflow.definer.WfConnectorTemplate:312185</csvdestNode>
    <csvbackLoop>true</csvbackLoop>
  </csvWfNodeTemplateLinkBegin>
  <csvWfEventActionPair handler="wt.workflow.definer.LoadWorkflow.addEventActionPair">
    <csvevent>继续发布</csvevent>
    <csvaction>FIRE</csvaction>
  </csvWfEventActionPair>
  <csvWfNodeTemplateLinkEnd handler="wt.workflow.definer.LoadWorkflow.saveNodeTemplateLink"></csvWfNodeTemplateLinkEnd>
  <csvWfNodeTemplateLinkBegin handler="wt.workflow.definer.LoadWorkflow.createNodeTemplateLink">
    <csvsourceNode>wt.workflow.definer.WfConnectorTemplate:312187</csvsourceNode>
    <csvdestNode>wt.workflow.definer.WfConnectorTemplate:312183</csvdestNode>
    <csvbackLoop>false</csvbackLoop>
  </csvWfNodeTemplateLinkBegin>
  <csvWfEventActionPair handler="wt.workflow.definer.LoadWorkflow.addEventActionPair">
    <csvevent>FIRE</csvevent>
    <csvaction>FIRE</csvaction>
  </csvWfEventActionPair>
  <csvWfNodeTemplateLinkEnd handler="wt.workflow.definer.LoadWorkflow.saveNodeTemplateLink"></csvWfNodeTemplateLinkEnd>
  <csvWfProcessTemplateEnd handler="wt.workflow.definer.LoadWorkflow.saveProcessTemplate"></csvWfProcessTemplateEnd>
</NmLoader>